일자,MKF대형,MKF소형,MKF순수가치,MKF순수성장
2016-02-12,"3,536.34","2,387.25","13,809.81","2,038.61"
2016-02-15,"3,584.49","2,432.84","14,235.06","2,068.33"
2016-02-16,"3,637.01","2,476.22","14,388.39","2,091.60"
2016-02-17,"3,643.32","2,422.58","14,551.00","2,056.72"
2016-02-18,"3,686.40","2,473.26","14,745.84","2,096.08"
2016-02-19,"3,693.26","2,502.02","14,738.55","2,114.19"
2016-02-22,"3,685.53","2,522.72","14,715.00","2,124.68"
2016-02-23,"3,686.70","2,496.72","14,817.86","2,105.38"
2016-02-24,"3,683.57","2,497.96","14,832.96","2,098.09"
2016-02-25,"3,688.88","2,513.61","14,792.34","2,104.13"
2016-02-26,"3,684.97","2,529.36","14,820.20","2,114.34"
2016-02-29,"3,675.35","2,544.33","14,781.07","2,120.02"
2016-03-02,"3,746.53","2,565.41","15,054.06","2,134.66"
2016-03-03,"3,771.31","2,583.16","15,096.05","2,145.71"
2016-03-04,"3,765.19","2,581.89","15,217.00","2,153.40"
2016-03-07,"3,769.88","2,577.64","15,316.14","2,142.45"
2016-03-08,"3,740.33","2,578.41","15,348.20","2,145.53"
2016-03-09,"3,750.53","2,597.81","15,285.79","2,160.17"
2016-03-10,"3,788.18","2,624.24","15,409.29","2,181.89"
2016-03-11,"3,796.32","2,614.94","15,463.83","2,171.42"
2016-03-14,"3,805.59","2,596.15","15,407.41","2,155.00"
2016-03-15,"3,797.34","2,589.76","15,380.67","2,153.60"
2016-03-16,"3,804.10","2,598.04","15,276.21","2,160.69"
2016-03-17,"3,831.17","2,605.82","15,487.52","2,172.80"
2016-03-18,"3,841.70","2,614.00","15,570.20","2,176.80"
2016-03-21,"3,839.16","2,597.87","15,559.22","2,165.16"
2016-03-22,"3,856.55","2,602.40","15,639.01","2,172.22"
2016-03-23,"3,850.68","2,600.61","15,674.32","2,170.03"
2016-03-24,"3,832.58","2,589.41","15,508.00","2,157.43"
2016-03-25,"3,823.49","2,598.88","15,401.05","2,155.06"
2016-03-28,"3,824.31","2,581.25","15,414.40","2,151.35"
2016-03-29,"3,851.48","2,600.25","15,666.77","2,158.59"
2016-03-30,"3,866.16","2,605.98","15,731.60","2,165.88"
2016-03-31,"3,853.19","2,603.20","15,696.23","2,152.17"
2016-04-01,"3,802.40","2,607.73","15,467.90","2,135.42"
2016-04-04,"3,815.27","2,630.80","15,373.22","2,146.38"
2016-04-05,"3,773.78","2,632.50","15,385.23","2,138.97"
2016-04-06,"3,790.84","2,638.47","15,488.42","2,144.22"
2016-04-07,"3,797.26","2,652.21","15,626.37","2,155.90"
2016-04-08,"3,788.62","2,657.05","15,657.06","2,159.00"
2016-04-11,"3,790.58","2,636.41","15,753.49","2,151.80"
2016-04-12,"3,816.06","2,635.22","15,934.53","2,146.98"
2016-04-14,"3,895.50","2,635.92","16,407.92","2,166.64"
2016-04-15,"3,889.26","2,640.11","16,233.05","2,165.15"
2016-04-18,"3,880.20","2,639.31","16,208.36","2,170.42"
2016-04-19,"3,877.63","2,651.54","16,238.16","2,183.80"
2016-04-20,"3,866.83","2,648.46","16,219.98","2,170.40"
2016-04-21,"3,899.21","2,659.80","16,486.06","2,190.48"
2016-04-22,"3,881.81","2,665.38","16,408.95","2,192.18"
2016-04-25,"3,880.02","2,666.44","16,317.56","2,193.46"
2016-04-26,"3,893.12","2,665.91","16,268.45","2,193.60"
2016-04-27,"3,889.56","2,648.43","16,207.07","2,181.34"
2016-04-28,"3,847.46","2,645.16","16,157.69","2,175.58"
2016-04-29,"3,828.11","2,646.02","16,168.13","2,176.09"
2016-05-02,"3,805.06","2,600.15","15,928.76","2,149.27"
2016-05-03,"3,819.26","2,625.68","15,998.51","2,161.55"
2016-05-04,"3,809.18","2,604.06","15,627.77","2,157.61"
2016-05-09,"3,793.71","2,595.49","15,337.12","2,148.24"
2016-05-10,"3,817.01","2,633.58","15,480.94","2,167.04"
2016-05-11,"3,806.38","2,644.87","15,501.53","2,156.12"
2016-05-12,"3,792.78","2,650.43","15,495.65","2,161.78"
2016-05-13,"3,762.53","2,650.86","15,320.20","2,169.71"
2016-05-16,"3,764.47","2,651.79","15,356.80","2,170.52"
2016-05-17,"3,768.09","2,648.83","15,308.61","2,164.31"
2016-05-18,"3,746.04","2,619.33","15,274.36","2,146.72"
2016-05-19,"3,737.17","2,597.47","15,235.72","2,125.78"
2016-05-20,"3,728.66","2,635.60","15,157.14","2,137.14"
2016-05-23,"3,747.73","2,652.79","15,178.26","2,139.32"
2016-05-24,"3,712.72","2,647.03","15,048.20","2,126.51"
2016-05-25,"3,769.78","2,634.18","15,278.17","2,149.73"
2016-05-26,"3,764.58","2,632.14","15,271.19","2,140.70"
2016-05-27,"3,784.72","2,642.96","15,425.36","2,150.04"
2016-05-30,"3,784.92","2,631.24","15,388.28","2,144.06"
2016-05-31,"3,816.33","2,659.08","15,514.20","2,162.64"
2016-06-01,"3,813.66","2,662.67","15,374.89","2,152.75"
2016-06-02,"3,821.89","2,673.39","15,227.47","2,145.13"
2016-06-03,"3,819.95","2,677.18","15,194.80","2,150.48"
2016-06-07,"3,871.50","2,702.80","15,450.42","2,171.00"
2016-06-08,"3,902.24","2,719.65","15,584.67","2,174.66"
2016-06-09,"3,904.61","2,716.44","15,563.71","2,167.24"
2016-06-10,"3,882.76","2,724.92","15,605.85","2,166.56"
2016-06-13,"3,805.98","2,671.80","15,278.30","2,131.95"
2016-06-14,"3,797.47","2,655.96","15,212.83","2,124.33"
2016-06-15,"3,797.00","2,650.93","15,009.98","2,120.97"
2016-06-16,"3,774.65","2,591.58","14,862.82","2,091.82"
2016-06-17,"3,775.16","2,586.93","14,838.82","2,087.06"
2016-06-20,"3,831.82","2,618.99","15,109.99","2,115.99"
2016-06-21,"3,835.14","2,620.76","15,020.29","2,118.79"
2016-06-22,"3,858.26","2,612.52","15,194.43","2,127.10"
2016-06-23,"3,852.52","2,589.80","15,190.56","2,118.67"
2016-06-24,"3,745.49","2,470.53","14,614.36","2,048.87"
2016-06-27,"3,743.98","2,482.80","14,593.08","2,057.29"
2016-06-28,"3,753.52","2,525.58","14,631.19","2,070.32"
2016-06-29,"3,787.74","2,560.00","14,795.38","2,098.62"
2016-06-30,"3,819.12","2,575.16","14,731.24","2,118.50"
2016-07-01,"3,859.53","2,600.46","14,805.17","2,128.60"
2016-07-04,"3,875.66","2,614.02","14,926.52","2,130.31"
2016-07-05,"3,862.31","2,616.63","14,822.12","2,127.28"
2016-07-06,"3,778.85","2,584.40","14,526.14","2,096.66"
2016-07-07,"3,821.09","2,621.92","14,637.98","2,123.41"
2016-07-08,"3,804.05","2,596.34","14,505.79","2,109.22"
2016-07-11,"3,858.56","2,613.89","14,716.49","2,132.04"
2016-07-12,"3,860.27","2,616.90","14,841.68","2,140.87"
2016-07-13,"3,895.07","2,623.66","15,112.58","2,144.24"
2016-07-14,"3,906.55","2,612.88","15,062.14","2,147.27"
2016-07-15,"3,927.03","2,599.68","15,204.78","2,144.64"
2016-07-18,"3,932.76","2,604.19","15,240.38","2,138.47"
2016-07-19,"3,927.68","2,600.97","15,146.76","2,141.07"
2016-07-20,"3,922.46","2,609.46","15,103.52","2,142.77"
2016-07-21,"3,918.74","2,611.44","15,139.85","2,144.90"
2016-07-22,"3,910.41","2,616.39","15,220.23","2,144.28"
2016-07-25,"3,925.26","2,603.79","15,533.29","2,134.18"
2016-07-26,"3,954.67","2,618.36","15,633.14","2,142.00"
2016-07-27,"3,952.98","2,597.45","15,703.38","2,143.01"
2016-07-28,"3,937.24","2,604.99","15,680.08","2,147.67"
2016-07-29,"3,932.59","2,607.07","15,586.67","2,139.21"
2016-08-01,"3,970.90","2,593.81","15,742.04","2,136.91"
2016-08-02,"3,938.83","2,589.54","15,588.49","2,129.76"
2016-08-03,"3,887.17","2,572.03","15,373.88","2,122.15"
2016-08-04,"3,899.86","2,580.79","15,359.02","2,135.70"
2016-08-05,"3,949.21","2,566.09","15,567.73","2,134.98"
2016-08-08,"3,980.07","2,569.10","15,602.61","2,148.91"
2016-08-09,"4,007.71","2,585.27","15,816.67","2,160.92"
2016-08-10,"4,004.28","2,599.61","15,820.48","2,164.04"
2016-08-11,"4,015.28","2,593.02","15,834.41","2,170.08"
2016-08-12,"4,012.06","2,605.31","15,989.97","2,175.66"
2016-08-16,"4,012.58","2,587.18","15,930.26","2,154.88"
2016-08-17,"4,011.88","2,569.97","15,984.67","2,130.60"
2016-08-18,"4,046.47","2,571.88","15,887.53","2,131.41"
2016-08-19,"4,056.26","2,560.81","15,867.35","2,129.02"
2016-08-22,"4,033.63","2,535.31","15,718.59","2,114.02"
2016-08-23,"4,049.96","2,540.52","15,731.18","2,114.51"
2016-08-24,"4,032.23","2,542.16","15,813.90","2,122.13"
2016-08-25,"4,031.01","2,531.25","15,888.06","2,121.48"
2016-08-26,"4,012.39","2,530.12","15,807.97","2,125.71"
2016-08-29,"4,018.86","2,478.19","15,773.66","2,099.59"
2016-08-30,"4,032.35","2,486.95","15,848.44","2,111.50"
2016-08-31,"4,024.64","2,471.39","15,929.58","2,104.96"
2016-09-01,"4,012.48","2,492.76","16,033.78","2,107.10"
2016-09-02,"4,019.02","2,506.27","15,997.40","2,120.34"
2016-09-05,"4,067.17","2,521.97","16,258.96","2,141.02"
2016-09-06,"4,092.57","2,511.05","16,242.24","2,135.16"
2016-09-07,"4,082.97","2,488.73","16,328.08","2,129.44"
2016-09-08,"4,093.06","2,475.26","16,300.24","2,120.19"
2016-09-09,"4,038.80","2,451.05","16,302.29","2,097.06"
2016-09-12,"3,929.88","2,409.78","16,110.32","2,060.61"
2016-09-13,"3,951.43","2,423.33","15,922.26","2,069.94"
2016-09-19,"3,985.51","2,441.26","15,902.69","2,094.94"
2016-09-20,"4,005.54","2,463.82","15,923.00","2,099.01"
2016-09-21,"4,029.41","2,473.85","15,980.23","2,108.27"
2016-09-22,"4,057.71","2,503.73","15,988.13","2,125.83"
2016-09-23,"4,056.27","2,526.99","16,153.05","2,137.92"
2016-09-26,"4,040.41","2,520.57","16,063.46","2,132.70"
2016-09-27,"4,069.85","2,541.61","16,221.52","2,160.05"
2016-09-28,"4,047.13","2,535.00","16,085.85","2,151.09"
2016-09-29,"4,078.49","2,545.15","16,241.35","2,153.38"
2016-09-30,"4,036.08","2,500.77","16,036.02","2,127.51"
2016-10-04,"4,063.50","2,506.10","16,180.47","2,138.09"
2016-10-05,"4,059.40","2,501.30","16,136.56","2,144.48"
2016-10-06,"4,095.20","2,493.92","16,122.25","2,135.46"
2016-10-07,"4,080.75","2,456.68","16,021.89","2,115.36"
2016-10-10,"4,080.04","2,460.39","16,146.41","2,121.01"
2016-10-11,"4,010.30","2,461.24","16,355.08","2,112.20"
2016-10-12,"4,009.30","2,464.60","16,380.90","2,118.34"
2016-10-13,"3,978.97","2,432.50","16,129.47","2,087.34"
2016-10-14,"3,995.02","2,444.40","16,172.57","2,094.27"
2016-10-17,"4,016.53","2,421.81","16,267.86","2,090.10"
2016-10-18,"4,045.35","2,429.01","16,534.38","2,093.18"
2016-10-19,"4,050.53","2,425.55","16,570.73","2,078.38"
2016-10-20,"4,054.47","2,407.56","16,593.27","2,073.48"
2016-10-21,"4,036.44","2,387.85","16,664.08","2,069.89"
2016-10-24,"4,073.47","2,378.50","16,908.23","2,072.33"
2016-10-25,"4,060.95","2,355.25","17,001.81","2,058.35"
2016-10-26,"4,014.56","2,341.21","16,699.99","2,054.35"
2016-10-27,"4,034.44","2,385.26","16,706.40","2,073.64"
2016-10-28,"4,034.97","2,355.26","16,553.69","2,056.63"
2016-10-31,"4,028.80","2,313.90","16,544.43","2,016.57"
2016-11-01,"4,032.71","2,321.95","16,533.47","2,017.86"
2016-11-02,"3,986.67","2,257.72","16,386.63","1,968.20"
2016-11-03,"3,983.25","2,275.39","16,401.12","1,993.80"
2016-11-04,"3,977.12","2,282.23","16,363.23","1,997.53"
2016-11-07,"4,006.70","2,311.96","16,490.92","2,017.70"
2016-11-08,"4,019.40","2,317.27","16,480.30","2,028.84"
2016-11-09,"3,930.78","2,241.45","16,082.62","1,976.89"
2016-11-10,"4,016.80","2,321.00","16,523.96","2,012.81"
2016-11-11,"3,956.56","2,325.78","16,684.61","1,978.54"
2016-11-14,"3,919.62","2,326.01","16,671.08","1,969.91"
2016-11-15,"3,907.65","2,312.78","16,691.87","1,958.56"
2016-11-16,"3,923.74","2,348.46","16,673.16","1,992.97"
2016-11-17,"3,926.97","2,343.13","16,615.95","2,000.46"
2016-11-18,"3,926.83","2,314.26","16,546.63","1,985.46"
2016-11-21,"3,918.95","2,270.90","16,503.81","1,958.49"
2016-11-22,"3,966.77","2,273.58","16,591.52","1,975.31"
2016-11-23,"3,992.72","2,238.97","16,784.50","1,964.21"
2016-11-24,"3,967.30","2,212.32","16,724.03","1,938.62"
2016-11-25,"3,970.08","2,220.48","16,677.45","1,947.53"
2016-11-28,"3,982.22","2,202.44","16,539.58","1,945.04"
2016-11-29,"3,978.62","2,219.52","16,514.37","1,949.83"
2016-11-30,"4,002.50","2,218.07","16,408.21","1,945.09"
2016-12-01,"4,006.37","2,208.38","16,566.82","1,933.31"
2016-12-02,"3,983.45","2,185.59","16,613.49","1,919.08"
2016-12-05,"3,971.82","2,148.34","16,552.47","1,902.13"
2016-12-06,"4,025.77","2,178.87","16,774.22","1,926.52"
2016-12-07,"4,035.85","2,168.44","16,833.47","1,924.94"
2016-12-08,"4,123.85","2,201.15","17,319.43","1,955.54"
2016-12-09,"4,109.14","2,221.13","17,215.44","1,960.87"
2016-12-12,"4,103.95","2,246.65","17,358.86","1,971.89"
2016-12-13,"4,117.84","2,273.91","17,265.39","1,987.72"
2016-12-14,"4,125.80","2,268.98","17,194.15","1,994.08"
2016-12-15,"4,114.00","2,298.24","17,227.68","2,008.73"
2016-12-16,"4,134.51","2,297.22","17,229.40","2,010.82"
2016-12-19,"4,128.35","2,291.45","17,152.45","1,998.35"
2016-12-20,"4,137.21","2,282.01","17,201.30","1,995.47"
2016-12-21,"4,126.77","2,286.17","17,193.22","1,994.63"
2016-12-22,"4,124.02","2,275.09","17,136.63","1,991.15"
2016-12-23,"4,117.50","2,291.35","17,140.73","2,006.65"
2016-12-26,"4,124.55","2,279.80","17,120.30","1,999.30"
2016-12-27,"4,134.59","2,291.26","17,164.29","2,004.42"
2016-12-28,"4,093.23","2,304.64","16,919.10","2,003.87"
2016-12-29,"4,099.54","2,309.28","16,849.30","2,011.89"
2017-01-02,"4,105.77","2,298.40","16,932.89","2,002.16"
2017-01-03,"4,148.79","2,306.86","17,078.35","2,021.42"
2017-01-04,"4,151.93","2,311.00","17,132.97","2,021.62"
2017-01-05,"4,133.57","2,323.76","17,016.33","2,032.37"
2017-01-06,"4,152.01","2,325.96","17,034.46","2,037.66"
2017-01-09,"4,164.04","2,306.09","16,907.23","2,025.04"
2017-01-10,"4,164.62","2,283.63","16,937.67","2,013.17"
2017-01-11,"4,233.28","2,288.92","17,154.77","2,032.44"
2017-01-12,"4,259.95","2,283.39","17,235.97","2,029.31"
2017-01-13,"4,225.68","2,290.87","17,217.95","2,034.88"
2017-01-16,"4,197.90","2,265.96","17,255.58","2,021.41"
2017-01-17,"4,217.01","2,259.92","17,383.87","2,012.99"
2017-01-18,"4,212.31","2,275.44","17,440.22","2,014.89"
2017-01-19,"4,226.17","2,263.32","17,365.99","2,015.50"
2017-01-20,"4,206.99","2,256.18","17,331.01","2,010.08"
2017-01-23,"4,217.85","2,242.65","17,162.38","2,010.36"
2017-01-24,"4,220.52","2,233.59","17,094.53","2,008.60"
2017-01-25,"4,236.90","2,218.11","16,926.43","2,004.11"
2017-01-26,"4,275.62","2,233.28","17,134.25","2,020.09"
2017-01-31,"4,234.75","2,233.94","16,975.76","2,015.85"
2017-02-01,"4,257.57","2,265.62","17,199.71","2,031.98"
2017-02-02,"4,241.87","2,236.61","17,050.14","2,015.68"
2017-02-03,"4,251.11","2,224.04","17,054.21","2,017.76"
2017-02-06,"4,259.78","2,225.99","17,086.28","2,023.45"
2017-02-07,"4,246.69","2,229.87","17,262.92","2,024.97"
2017-02-08,"4,225.77","2,222.71","17,248.02","2,028.80"
2017-02-09,"4,223.72","2,231.68","17,371.50","2,023.07"
2017-02-10,"4,235.83","2,234.91","17,555.56","2,019.85"
2017-02-13,"4,234.66","2,253.45","17,618.14","2,034.51"
2017-02-14,"4,215.88","2,259.93","17,649.75","2,031.49"
2017-02-15,"4,230.41","2,283.64","17,683.95","2,042.41"
2017-02-16,"4,236.40","2,270.51","17,622.51","2,045.08"
2017-02-17,"4,235.30","2,280.80","17,648.53","2,051.84"
2017-02-20,"4,252.60","2,277.89","17,544.27","2,051.57"
2017-02-21,"4,290.46","2,285.75","17,722.04","2,072.18"
2017-02-22,"4,301.56","2,281.07","17,723.66","2,071.39"
2017-02-23,"4,301.83","2,276.66","17,664.46","2,079.68"
2017-02-24,"4,259.21","2,280.50","17,592.51","2,073.75"
2017-02-27,"4,233.46","2,281.00","17,483.39","2,065.67"
2017-02-28,"4,253.44","2,280.72","17,568.10","2,059.62"
2017-03-02,"4,297.51","2,268.56","17,673.27","2,049.26"
2017-03-03,"4,252.35","2,239.04","17,499.46","2,017.78"
2017-03-06,"4,263.75","2,242.66","17,455.49","2,028.41"
2017-03-07,"4,284.11","2,256.77","17,583.89","2,035.91"
2017-03-08,"4,289.94","2,254.34","17,699.87","2,032.81"
2017-03-09,"4,279.76","2,255.52","17,610.39","2,037.01"
2017-03-10,"4,292.24","2,270.26","17,687.80","2,054.00"
2017-03-13,"4,344.35","2,270.58","17,858.70","2,068.35"
2017-03-14,"4,386.79","2,253.08","17,894.77","2,066.02"
2017-03-15,"4,385.56","2,238.79","17,960.71","2,057.52"
2017-03-16,"4,419.61","2,260.25","18,151.34","2,068.29"
2017-03-17,"4,445.44","2,268.49","18,220.80","2,075.14"
2017-03-20,"4,429.29","2,260.71","18,189.11","2,069.99"
2017-03-21,"4,483.82","2,261.26","18,350.70","2,086.22"
2017-03-22,"4,464.48","2,254.75","18,095.57","2,081.19"
2017-03-23,"4,464.91","2,256.62","18,217.56","2,093.95"
2017-03-24,"4,453.73","2,271.34","18,190.74","2,099.82"
2017-03-27,"4,421.52","2,269.14","17,957.78","2,100.83"
2017-03-28,"4,433.91","2,278.53","17,991.96","2,108.80"
2017-03-29,"4,444.48","2,283.81","17,918.63","2,114.78"
2017-03-30,"4,441.96","2,285.02","17,904.28","2,110.83"
2017-03-31,"4,422.41","2,305.68","17,949.33","2,117.47"
2017-04-03,"4,438.38","2,337.76","17,897.88","2,138.95"
2017-04-04,"4,428.30","2,330.11","17,738.54","2,136.20"
2017-04-05,"4,426.04","2,341.77","17,814.39","2,130.72"
2017-04-06,"4,405.71","2,344.91","17,799.16","2,126.62"
2017-04-07,"4,397.32","2,351.08","17,776.52","2,138.30"
2017-04-10,"4,371.48","2,312.14","17,576.77","2,099.16"
2017-04-11,"4,343.65","2,317.70","17,458.11","2,100.13"
2017-04-12,"4,354.30","2,319.53","17,442.14","2,106.72"
2017-04-13,"4,398.76","2,335.48","17,529.38","2,130.58"
2017-04-14,"4,371.68","2,313.77","17,465.80","2,112.95"
2017-04-17,"4,384.76","2,348.72","17,650.31","2,135.98"
2017-04-18,"4,387.77","2,366.73","17,673.21","2,151.52"
2017-04-19,"4,358.52","2,373.27","17,564.09","2,160.95"
2017-04-20,"4,379.51","2,374.14","17,677.80","2,180.05"
2017-04-21,"4,416.76","2,366.85","17,777.98","2,194.66"
2017-04-24,"4,447.92","2,348.89","18,009.27","2,180.46"
2017-04-25,"4,505.34","2,372.19","18,113.80","2,191.21"
2017-04-26,"4,527.32","2,380.40","18,269.79","2,200.85"
2017-04-27,"4,536.11","2,367.61","18,190.82","2,177.23"
2017-04-28,"4,534.37","2,352.22","18,058.07","2,171.10"
2017-05-02,"4,576.23","2,343.59","18,259.02","2,170.83"
2017-05-04,"4,621.91","2,374.83","18,269.53","2,209.27"
2017-05-08,"4,743.63","2,407.53","18,527.78","2,247.36"
2017-05-10,"4,698.30","2,403.73","18,480.85","2,242.33"
2017-05-11,"4,752.67","2,427.15","18,740.26","2,277.03"
2017-05-12,"4,731.77","2,408.91","18,651.07","2,242.15"
2017-05-15,"4,740.18","2,416.33","18,659.36","2,249.71"
2017-05-16,"4,753.68","2,402.57","18,751.40","2,239.76"
2017-05-17,"4,752.22","2,400.75","18,662.94","2,246.74"
2017-05-18,"4,739.97","2,395.04","18,736.24","2,248.10"
2017-05-19,"4,734.32","2,402.33","18,908.01","2,257.93"
2017-05-22,"4,774.63","2,402.93","19,108.13","2,270.79"
2017-05-23,"4,785.09","2,422.55","19,229.91","2,276.22"
2017-05-24,"4,789.90","2,439.32","19,128.32","2,290.10"
2017-05-25,"4,843.57","2,443.68","19,337.56","2,304.59"
2017-05-26,"4,871.60","2,455.18","19,339.85","2,320.01"
2017-05-29,"4,866.79","2,445.13","19,334.66","2,331.08"
2017-05-30,"4,833.06","2,470.05","19,315.15","2,336.64"
2017-05-31,"4,833.12","2,481.27","19,336.07","2,331.89"
2017-06-01,"4,826.68","2,476.51","19,288.58","2,327.65"
2017-06-02,"4,890.00","2,489.67","19,419.62","2,348.57"
2017-06-05,"4,884.16","2,495.94","19,311.98","2,350.97"
2017-06-07,"4,858.65","2,507.94","19,322.51","2,362.83"
2017-06-08,"4,867.05","2,524.03","19,335.15","2,382.33"
2017-06-09,"4,917.99","2,545.88","19,521.82","2,399.94"
2017-06-12,"4,867.36","2,512.06","19,499.44","2,368.18"
2017-06-13,"4,894.06","2,532.47","19,683.50","2,386.76"
2017-06-14,"4,895.36","2,541.34","19,750.21","2,387.81"
2017-06-15,"4,877.31","2,531.45","19,486.66","2,375.62"
2017-06-16,"4,879.55","2,533.66","19,554.54","2,375.33"
2017-06-19,"4,911.63","2,544.58","19,506.99","2,383.92"
2017-06-20,"4,931.78","2,513.64","19,392.14","2,354.56"
2017-06-21,"4,901.09","2,502.77","19,195.28","2,359.92"
2017-06-22,"4,936.20","2,489.35","19,261.82","2,355.16"
2017-06-23,"4,946.45","2,511.84","19,376.40","2,372.02"
2017-06-26,"4,978.15","2,511.30","19,311.11","2,378.42"
2017-06-27,"4,981.86","2,519.91","19,307.23","2,389.24"
2017-06-28,"4,957.82","2,501.72","19,480.52","2,363.99"
2017-06-29,"4,985.62","2,508.68","19,637.37","2,372.49"
2017-06-30,"4,971.66","2,517.39","19,684.41","2,373.25"
2017-07-03,"4,981.39","2,490.13","19,852.91","2,360.10"
2017-07-04,"4,949.70","2,469.67","19,706.41","2,344.13"
2017-07-05,"4,971.18","2,489.57","19,687.66","2,358.85"
2017-07-06,"4,974.62","2,487.69","19,578.74","2,356.07"
2017-07-07,"4,950.63","2,485.82","19,501.91","2,337.51"
2017-07-10,"4,964.81","2,461.64","19,551.24","2,324.61"
2017-07-11,"5,000.70","2,460.11","19,723.50","2,329.41"
2017-07-12,"4,999.47","2,449.91","19,581.67","2,318.11"
2017-07-13,"5,046.23","2,457.53","19,632.36","2,332.29"
2017-07-14,"5,066.19","2,453.95","19,776.34","2,328.97"
2017-07-17,"5,083.92","2,480.03","19,828.64","2,342.72"
2017-07-18,"5,086.54","2,481.01","19,764.59","2,344.99"
2017-07-19,"5,088.73","2,500.40","19,832.00","2,354.11"
2017-07-20,"5,116.51","2,517.24","19,902.87","2,366.65"
2017-07-21,"5,138.23","2,511.46","20,062.79","2,365.06"
2017-07-24,"5,140.79","2,515.08","20,003.82","2,374.30"
2017-07-25,"5,107.92","2,495.94","20,045.89","2,353.99"
2017-07-26,"5,094.45","2,496.21","20,172.61","2,341.81"
2017-07-27,"5,110.29","2,506.42","20,195.01","2,354.09"
2017-07-28,"5,005.57","2,464.44","20,059.97","2,313.66"
2017-07-31,"5,016.68","2,466.15","20,104.42","2,310.46"
2017-08-01,"5,051.44","2,493.36","20,386.36","2,317.92"
2017-08-02,"5,063.11","2,505.29","20,305.81","2,329.30"
2017-08-03,"4,977.16","2,457.52","20,073.75","2,271.75"
2017-08-04,"4,994.29","2,461.73","20,247.56","2,270.37"
2017-08-07,"5,006.17","2,467.14","20,284.79","2,276.73"
2017-08-08,"4,998.85","2,471.74","20,146.81","2,288.77"
2017-08-09,"4,932.95","2,441.68","20,056.39","2,269.06"
2017-08-10,"4,913.36","2,434.13","19,922.72","2,271.19"
2017-08-11,"4,822.05","2,400.09","19,645.24","2,234.12"
2017-08-14,"4,862.21","2,404.93","19,717.72","2,248.37"
2017-08-16,"4,902.11","2,421.24","19,609.97","2,263.73"
2017-08-17,"4,931.46","2,440.61","19,735.31","2,269.52"
2017-08-18,"4,922.38","2,446.79","19,621.98","2,279.68"
2017-08-21,"4,921.86","2,430.60","19,662.14","2,259.25"
2017-08-22,"4,945.09","2,433.98","19,701.37","2,272.44"
2017-08-23,"4,949.84","2,429.86","19,627.94","2,271.01"
2017-08-24,"4,965.55","2,434.92","19,563.81","2,283.40"
2017-08-25,"4,972.12","2,444.61","19,775.43","2,288.75"
2017-08-28,"4,942.95","2,454.13","19,782.07","2,294.45"
2017-08-29,"4,928.93","2,456.48","19,707.85","2,291.34"
2017-08-30,"4,948.74","2,457.77","19,780.09","2,295.01"
2017-08-31,"4,925.80","2,468.90","19,639.18","2,296.37"
2017-09-01,"4,917.46","2,481.53","19,574.97","2,295.33"
2017-09-04,"4,859.19","2,438.45","19,316.10","2,263.45"
2017-09-05,"4,859.33","2,424.62","19,031.41","2,260.88"
2017-09-06,"4,849.54","2,418.80","18,774.23","2,253.00"
2017-09-07,"4,908.37","2,439.46","18,980.21","2,272.63"
2017-09-08,"4,918.20","2,410.45","18,830.39","2,253.42"
2017-09-11,"4,958.48","2,414.31","18,898.63","2,265.13"
2017-09-12,"4,967.46","2,427.59","18,987.61","2,280.08"
2017-09-13,"4,963.22","2,414.14","18,942.63","2,269.60"
2017-09-14,"5,006.91","2,424.54","18,949.32","2,289.41"
2017-09-15,"5,028.73","2,436.04","19,053.01","2,294.55"
2017-09-18,"5,122.05","2,441.16","19,127.08","2,316.43"
2017-09-19,"5,113.49","2,433.39","19,121.84","2,314.55"
2017-09-20,"5,117.21","2,397.78","19,089.21","2,302.18"
2017-09-21,"5,116.25","2,375.88","19,012.62","2,288.98"
2017-09-22,"5,096.31","2,332.56","18,917.40","2,254.69"
2017-09-25,"5,098.37","2,293.95","18,626.08","2,244.19"
2017-09-26,"5,055.23","2,314.03","18,820.79","2,256.78"
2017-09-27,"5,051.42","2,326.19","18,746.48","2,263.58"
2017-09-28,"5,045.95","2,344.51","18,820.28","2,274.98"
2017-09-29,"5,083.79","2,365.95","19,002.33","2,295.79"
2017-10-10,"5,192.41","2,368.65","19,235.77","2,322.82"
2017-10-11,"5,251.74","2,398.12","19,268.66","2,330.37"
2017-10-12,"5,285.64","2,401.06","19,397.02","2,343.77"
2017-10-13,"5,276.85","2,376.39","19,417.75","2,332.22"
2017-10-16,"5,281.55","2,374.23","19,511.49","2,335.16"
2017-10-17,"5,299.55","2,378.60","19,346.90","2,338.63"
2017-10-18,"5,297.93","2,372.51","19,267.80","2,340.59"
2017-10-19,"5,258.71","2,386.51","19,483.02","2,343.37"
2017-10-20,"5,298.95","2,398.95","19,556.07","2,360.29"
2017-10-23,"5,310.93","2,407.03","19,409.76","2,380.21"
2017-10-24,"5,305.45","2,431.32","19,473.39","2,381.10"
2017-10-25,"5,304.32","2,448.03","19,556.54","2,381.97"
2017-10-26,"5,263.65","2,441.76","19,568.37","2,381.98"
2017-10-27,"5,299.99","2,470.92","19,654.27","2,394.52"
2017-10-30,"5,320.80","2,486.55","19,562.22","2,402.52"
2017-10-31,"5,376.36","2,488.02","19,483.42","2,413.99"
2017-11-01,"5,459.72","2,498.15","19,501.05","2,425.19"
2017-11-02,"5,440.53","2,490.97","19,438.00","2,419.65"
2017-11-03,"5,461.63","2,506.66","19,589.79","2,440.97"
2017-11-06,"5,437.12","2,519.35","19,404.80","2,442.98"
2017-11-07,"5,420.46","2,524.14","19,419.31","2,445.24"
2017-11-08,"5,437.61","2,551.89","19,301.42","2,458.39"
2017-11-09,"5,424.91","2,565.39","19,377.99","2,456.49"
2017-11-10,"5,407.83","2,581.48","19,287.09","2,457.66"
2017-11-13,"5,391.45","2,616.74","19,097.66","2,462.18"
2017-11-14,"5,378.80","2,670.62","19,055.75","2,483.54"
2017-11-15,"5,364.57","2,674.05","18,928.11","2,485.72"
2017-11-16,"5,404.55","2,699.43","19,056.42","2,497.35"
2017-11-17,"5,402.36","2,681.93","19,017.23","2,488.28"
2017-11-20,"5,375.83","2,706.21","18,956.35","2,500.24"
2017-11-21,"5,386.54","2,703.08","18,910.50","2,506.92"
2017-11-22,"5,419.71","2,677.66","19,007.30","2,511.49"
2017-11-23,"5,403.46","2,717.23","19,083.18","2,517.24"
2017-11-24,"5,415.43","2,721.14","19,094.51","2,517.61"
2017-11-27,"5,316.27","2,721.06","19,102.87","2,507.08"
2017-11-28,"5,339.10","2,691.39","19,107.40","2,498.50"
2017-11-29,"5,334.55","2,712.99","19,207.58","2,502.79"
2017-11-30,"5,242.09","2,678.84","19,364.00","2,453.61"
2017-12-01,"5,240.09","2,721.10","19,079.26","2,476.65"
2017-12-04,"5,304.16","2,718.55","19,327.22","2,491.58"
2017-12-05,"5,310.92","2,721.58","19,557.58","2,499.96"
2017-12-06,"5,230.62","2,681.36","19,438.26","2,460.92"
2017-12-07,"5,216.23","2,638.81","19,258.11","2,424.00"
2017-12-08,"5,241.25","2,588.94","19,090.91","2,409.04"
2017-12-11,"5,246.75","2,649.07","19,038.59","2,435.06"
2017-12-12,"5,230.32","2,632.10","18,952.87","2,419.86"
2017-12-13,"5,262.11","2,661.88","19,308.82","2,442.72"
2017-12-14,"5,243.38","2,645.88","19,262.04","2,429.16"
2017-12-15,"5,264.52","2,664.63","19,521.76","2,446.10"
2017-12-18,"5,271.79","2,647.58","19,389.52","2,450.45"
2017-12-19,"5,279.98","2,629.41","19,335.13","2,440.17"
2017-12-20,"5,259.90","2,611.74","19,428.14","2,429.85"
2017-12-21,"5,160.69","2,581.47","19,345.95","2,391.87"
2017-12-22,"5,188.13","2,642.22","19,414.94","2,415.02"
2017-12-26,"5,145.66","2,655.05","19,498.15","2,413.28"
2017-12-27,"5,182.74","2,688.99","19,322.52","2,431.58"
2017-12-28,"5,254.37","2,709.67","19,379.09","2,454.68"
2018-01-02,"5,273.60","2,749.77","19,425.67","2,466.52"
2018-01-03,"5,303.18","2,741.25","19,471.27","2,467.64"
2018-01-04,"5,262.98","2,683.65","19,401.76","2,429.66"
2018-01-05,"5,345.65","2,726.32","19,587.82","2,451.64"
2018-01-08,"5,404.08","2,709.67","19,699.94","2,445.33"
2018-01-09,"5,375.80","2,691.99","19,940.32","2,447.03"
2018-01-10,"5,326.18","2,733.97","20,161.31","2,442.88"
2018-01-11,"5,310.26","2,772.91","20,070.77","2,452.66"
2018-01-12,"5,349.60","2,781.04","20,187.20","2,465.13"
2018-01-15,"5,365.90","2,819.93","20,169.94","2,476.10"
2018-01-16,"5,409.31","2,860.54","20,096.35","2,508.39"
2018-01-17,"5,374.44","2,863.37","20,136.77","2,502.86"
2018-01-18,"5,376.45","2,895.54","20,008.33","2,532.70"
2018-01-19,"5,362.31","2,886.37","20,366.86","2,521.54"
2018-01-22,"5,302.67","2,894.24","20,294.03","2,516.87"
2018-01-23,"5,385.53","2,945.01","20,546.03","2,550.09"
2018-01-24,"5,378.34","2,960.92","20,529.85","2,558.81"
2018-01-25,"5,427.26","2,988.70","20,585.32","2,597.24"
2018-01-26,"5,446.92","3,023.96","20,513.45","2,623.46"
2018-01-29,"5,507.71","3,025.47","20,739.43","2,640.06"
2018-01-30,"5,431.19","2,995.48","20,679.45","2,608.05"
2018-01-31,"5,427.48","2,987.92","20,661.49","2,599.59"
2018-02-01,"5,416.06","2,999.32","20,694.93","2,622.01"
2018-02-02,"5,316.40","2,961.11","20,569.70","2,597.65"
2018-02-05,"5,256.59","2,850.23","20,370.31","2,523.10"
2018-02-06,"5,173.43","2,843.65","19,956.03","2,505.04"
2018-02-07,"5,047.04","2,788.46","19,588.92","2,448.65"
2018-02-08,"5,075.17","2,874.72","19,558.61","2,496.29"
2018-02-09,"4,967.93","2,831.02","19,221.16","2,459.15"
2018-02-12,"5,029.68","2,829.69","19,264.95","2,466.25"
2018-02-13,"5,072.13","2,775.64","19,123.34","2,457.40"
2018-02-14,"5,143.77","2,813.21","19,206.37","2,478.71"
2018-02-19,"5,179.66","2,886.81","19,599.89","2,517.47"
2018-02-20,"5,112.53","2,851.54","19,481.37","2,476.77"
2018-02-21,"5,140.85","2,883.59","19,550.61","2,505.49"
2018-02-22,"5,103.21","2,863.11","19,397.94","2,487.85"
2018-02-23,"5,183.21","2,877.46","19,650.38","2,519.66"
2018-02-26,"5,198.32","2,886.69","19,751.74","2,518.18"
2018-02-27,"5,203.23","2,869.33","19,675.86","2,517.39"
2018-02-28,"5,140.57","2,821.48","19,506.40","2,478.05"
2018-03-02,"5,081.86","2,818.52","19,200.02","2,456.34"
2018-03-05,"5,026.75","2,766.06","19,021.29","2,422.42"
2018-03-06,"5,119.40","2,815.06","19,045.74","2,463.52"
2018-03-07,"5,109.37","2,772.70","18,825.58","2,431.12"
2018-03-08,"5,180.13","2,806.93","18,986.79","2,461.94"
2018-03-09,"5,223.75","2,855.72","19,126.65","2,506.27"
2018-03-12,"5,274.81","2,921.40","19,433.04","2,533.50"
2018-03-13,"5,317.41","2,915.37","19,188.26","2,541.47"
2018-03-14,"5,304.33","2,905.49","19,042.53","2,526.04"
2018-03-15,"5,314.26","2,921.32","19,058.18","2,532.50"
2018-03-16,"5,316.22","2,935.89","19,152.22","2,538.94"
2018-03-19,"5,272.28","2,887.95","19,076.12","2,527.96"
2018-03-20,"5,300.99","2,911.92","19,040.61","2,535.66"
2018-03-21,"5,295.24","2,896.84","19,052.77","2,533.20"
2018-03-22,"5,324.99","2,864.74","19,133.41","2,529.17"
2018-03-23,"5,146.25","2,735.47","18,579.59","2,426.83"
2018-03-26,"5,183.94","2,796.55","18,679.68","2,464.33"
2018-03-27,"5,205.22","2,822.57","18,958.28","2,474.31"
2018-03-28,"5,129.65","2,801.74","18,781.98","2,446.75"
2018-03-29,"5,162.11","2,834.27","18,761.76","2,470.54"
2018-03-30,"5,167.92","2,857.61","18,771.20","2,498.10"
2018-04-02,"5,155.83","2,846.07","18,711.37","2,501.43"
2018-04-03,"5,141.26","2,867.96","18,672.61","2,515.22"
2018-04-04,"5,065.57","2,828.32","18,541.76","2,475.49"
2018-04-05,"5,141.94","2,852.82","18,599.45","2,499.07"
2018-04-06,"5,117.48","2,872.45","18,590.15","2,481.76"
2018-04-09,"5,144.92","2,899.56","18,555.89","2,493.23"
2018-04-10,"5,152.78","2,903.97","18,633.52","2,495.87"
2018-04-11,"5,132.15","2,924.35","18,594.33","2,494.68"
2018-04-12,"5,141.15","2,905.74","18,604.67","2,496.44"
2018-04-13,"5,168.48","2,932.08","18,567.69","2,511.61"
2018-04-16,"5,172.74","2,952.10","18,541.16","2,515.15"
2018-04-17,"5,162.43","2,953.16","18,569.89","2,513.65"
2018-04-18,"5,230.33","2,941.91","18,850.70","2,526.19"
2018-04-19,"5,252.60","2,929.89","18,992.73","2,527.69"
2018-04-20,"5,212.41","2,949.64","19,066.44","2,514.71"
2018-04-23,"5,216.24","2,927.51","19,240.67","2,487.55"
2018-04-24,"5,178.54","2,918.58","19,327.40","2,479.78"
2018-04-25,"5,150.23","2,897.00","19,200.07","2,460.88"
2018-04-26,"5,217.21","2,916.46","19,133.40","2,488.48"
2018-04-27,"5,262.31","2,935.36","19,146.15","2,501.65"
2018-04-30,"5,300.14","2,919.73","19,686.06","2,491.97"
2018-05-02,"5,275.51","2,915.33","19,751.17","2,481.74"
2018-05-03,"5,247.43","2,889.03","19,599.32","2,463.47"
2018-05-04,"5,180.20","2,863.37","19,580.10","2,453.34"
2018-05-08,"5,169.62","2,780.05","19,358.27","2,430.57"
2018-05-09,"5,145.31","2,836.49","19,281.05","2,467.97"
2018-05-10,"5,189.14","2,839.40","19,439.63","2,474.25"
2018-05-11,"5,204.33","2,875.91","19,611.43","2,507.17"
2018-05-14,"5,181.41","2,865.48","19,988.92","2,495.61"
2018-05-15,"5,133.36","2,866.33","19,897.03","2,493.96"
2018-05-16,"5,160.35","2,841.58","19,710.43","2,489.25"
2018-05-17,"5,131.20","2,851.91","19,671.28","2,487.15"
2018-05-18,"5,147.20","2,902.45","19,766.17","2,509.07"
2018-05-21,"5,164.61","2,906.57","19,720.96","2,505.61"
2018-05-23,"5,202.89","2,887.12","19,503.16","2,513.84"
2018-05-24,"5,187.91","2,896.33","19,335.40","2,517.36"
2018-05-25,"5,208.97","2,878.43","18,937.40","2,498.53"
2018-05-28,"5,210.24","2,930.16","19,483.63","2,530.21"
2018-05-29,"5,163.09","2,888.18","19,275.87","2,523.93"
2018-05-30,"5,045.41","2,893.33","18,914.10","2,511.45"
2018-05-31,"5,072.69","2,921.75","18,929.63","2,521.54"
2018-06-01,"5,114.51","2,916.15","18,928.64","2,523.01"
2018-06-04,"5,143.94","2,898.50","19,140.58","2,519.13"
2018-06-05,"5,159.52","2,889.24","19,277.89","2,525.24"
2018-06-07,"5,193.05","2,921.94","19,461.11","2,549.52"
2018-06-08,"5,150.59","2,888.30","19,354.25","2,529.34"
2018-06-11,"5,182.41","2,906.86","19,681.20","2,540.88"
2018-06-12,"5,182.49","2,901.39","19,642.27","2,542.79"
2018-06-14,"5,089.72","2,856.01","19,158.60","2,502.10"
2018-06-15,"5,050.48","2,848.64","19,014.71","2,496.21"
2018-06-18,"4,999.51","2,760.35","18,943.07","2,432.37"
2018-06-19,"4,937.71","2,685.43","18,579.29","2,384.98"
2018-06-20,"4,986.13","2,748.53","18,646.84","2,438.17"
2018-06-21,"4,936.08","2,709.59","18,195.71","2,419.31"
2018-06-22,"4,981.39","2,717.54","18,316.29","2,442.45"
2018-06-25,"4,971.91","2,732.08","18,439.28","2,436.63"
2018-06-26,"4,961.32","2,719.97","18,374.31","2,407.29"
2018-06-27,"4,957.24","2,695.25","18,082.72","2,392.96"
2018-06-28,"4,891.27","2,653.79","17,884.65","2,370.41"
2018-06-29,"4,917.46","2,673.78","18,056.48","2,393.71"
2018-07-02,"4,810.25","2,585.48","17,570.59","2,336.50"
2018-07-03,"4,817.41","2,601.78","17,513.79","2,334.08"
2018-07-04,"4,793.99","2,617.53","17,458.58","2,327.27"
2018-07-05,"4,787.12","2,608.16","17,461.68","2,331.51"
2018-07-06,"4,807.44","2,657.62","17,866.83","2,367.27"
2018-07-09,"4,847.97","2,661.51","17,874.29","2,376.54"
2018-07-10,"4,862.01","2,678.81","17,891.07","2,382.76"
2018-07-11,"4,829.74","2,644.52","17,852.94","2,367.67"
2018-07-12,"4,829.54","2,680.71","17,746.57","2,386.40"
2018-07-13,"4,899.31","2,710.49","17,989.57","2,407.58"
2018-07-16,"4,883.09","2,696.17","17,912.90","2,393.75"
2018-07-17,"4,873.83","2,677.79","17,958.60","2,387.55"
2018-07-18,"4,871.59","2,644.76","17,747.35","2,372.22"
2018-07-19,"4,861.92","2,610.88","17,605.69","2,355.97"
2018-07-20,"4,876.81","2,598.10","17,691.68","2,349.26"
2018-07-23,"4,830.12","2,518.39","17,864.71","2,298.51"
2018-07-24,"4,840.70","2,548.82","17,931.34","2,330.08"
2018-07-25,"4,824.49","2,523.48","18,059.32","2,302.81"
2018-07-26,"4,861.39","2,574.30","18,044.30","2,334.58"
2018-07-27,"4,876.08","2,593.11","18,098.90","2,367.59"
2018-07-30,"4,867.62","2,577.73","18,235.58","2,356.16"
2018-07-31,"4,870.98","2,584.03","18,303.59","2,361.61"
2018-08-01,"4,893.16","2,626.24","18,366.57","2,385.53"
2018-08-02,"4,807.77","2,587.80","18,097.58","2,345.75"
2018-08-03,"4,839.64","2,611.35","18,258.75","2,372.74"
2018-08-06,"4,830.14","2,588.89","18,351.51","2,353.11"
2018-08-07,"4,865.09","2,598.11","18,217.15","2,364.42"
2018-08-08,"4,866.63","2,591.93","18,253.47","2,348.26"
2018-08-09,"4,874.18","2,596.00","18,196.14","2,351.50"
2018-08-10,"4,805.63","2,584.14","18,230.57","2,327.95"
2018-08-13,"4,743.65","2,504.80","17,942.88","2,282.42"
2018-08-14,"4,760.14","2,533.63","18,062.38","2,313.62"
2018-08-16,"4,713.86","2,537.95","18,070.50","2,301.59"
2018-08-17,"4,718.10","2,570.03","18,088.18","2,309.39"
2018-08-20,"4,715.63","2,568.27","18,187.73","2,319.30"
2018-08-21,"4,774.26","2,619.72","18,133.70","2,361.85"
2018-08-22,"4,794.60","2,597.94","18,011.96","2,352.82"
2018-08-23,"4,815.69","2,619.02","17,927.21","2,375.36"
2018-08-24,"4,835.88","2,640.12","18,000.24","2,383.58"
2018-08-27,"4,861.98","2,659.74","17,953.01","2,406.08"
2018-08-28,"4,863.45","2,658.31","18,154.13","2,407.01"
2018-08-29,"4,877.96","2,670.81","18,165.69","2,420.09"
2018-08-30,"4,878.01","2,666.82","18,027.36","2,411.15"
2018-08-31,"4,915.01","2,693.35","18,032.24","2,421.06"
2018-09-03,"4,870.93","2,683.54","17,917.34","2,422.47"
2018-09-04,"4,894.43","2,698.66","17,953.91","2,436.55"
2018-09-05,"4,827.83","2,681.36","17,897.66","2,420.57"
2018-09-06,"4,816.38","2,666.62","17,977.36","2,416.45"
2018-09-07,"4,788.19","2,666.90","18,118.33","2,408.66"
2018-09-10,"4,796.82","2,666.31","18,204.33","2,422.26"
2018-09-11,"4,774.85","2,688.42","18,197.03","2,423.47"
2018-09-12,"4,774.13","2,693.12","18,304.64","2,426.01"
2018-09-13,"4,778.25","2,699.92","18,448.70","2,433.17"
2018-09-14,"4,860.12","2,719.06","18,486.67","2,457.03"
2018-09-17,"4,828.59","2,689.89","18,402.04","2,443.06"
2018-09-18,"4,843.22","2,695.45","18,393.81","2,450.07"
2018-09-19,"4,855.05","2,676.69","18,260.17","2,439.87"
2018-09-20,"4,893.08","2,663.07","18,362.24","2,436.32"
2018-09-21,"4,920.39","2,681.74","18,545.48","2,440.72"
2018-09-27,"4,952.32","2,692.90","18,867.08","2,461.21"
2018-09-28,"4,919.00","2,682.93","18,956.77","2,447.24"
2018-10-01,"4,912.71","2,656.35","18,986.25","2,439.55"
2018-10-02,"4,850.06","2,600.64","18,883.57","2,413.71"
2018-10-04,"4,766.85","2,579.01","18,843.11","2,379.30"
2018-10-05,"4,761.75","2,541.38","18,831.91","2,364.95"
2018-10-08,"4,738.84","2,518.67","18,672.43","2,340.77"
2018-10-10,"4,712.35","2,460.03","18,455.95","2,306.34"
2018-10-11,"4,506.19","2,344.10","17,614.72","2,201.33"
2018-10-12,"4,578.48","2,394.87","17,706.04","2,263.16"
2018-10-15,"4,540.17","2,354.13","17,677.36","2,232.30"
2018-10-16,"4,533.42","2,384.60","17,668.24","2,244.63"
2018-10-17,"4,587.17","2,408.55","17,836.61","2,264.18"
2018-10-18,"4,541.53","2,385.89","17,698.73","2,239.56"
2018-10-19,"4,563.41","2,408.03","17,687.15","2,253.09"
2018-10-22,"4,578.91","2,418.24","17,855.56","2,256.75"
2018-10-23,"4,464.72","2,352.61","17,468.70","2,190.53"
2018-10-24,"4,442.02","2,314.46","17,565.75","2,163.40"
2018-10-25,"4,365.44","2,278.96","17,285.97","2,142.03"
2018-10-26,"4,304.90","2,214.38","17,012.59","2,100.71"
2018-10-29,"4,273.00","2,127.35","16,787.58","2,062.36"
2018-10-30,"4,306.46","2,163.48","16,531.09","2,095.64"
2018-10-31,"4,329.15","2,179.13","16,718.22","2,109.46"
2018-11-01,"4,312.80","2,191.24","16,604.12","2,093.60"
2018-11-02,"4,470.57","2,279.16","17,021.15","2,180.76"
2018-11-05,"4,429.58","2,262.62","16,779.99","2,170.14"
2018-11-06,"4,451.25","2,273.89","16,976.70","2,185.61"
2018-11-07,"4,439.37","2,231.50","16,897.09","2,157.59"
2018-11-08,"4,462.47","2,264.72","17,004.81","2,182.26"
2018-11-09,"4,446.84","2,252.91","17,030.65","2,170.96"
2018-11-12,"4,444.85","2,230.78","17,052.52","2,182.80"
2018-11-13,"4,411.04","2,229.65","17,038.18","2,166.89"
2018-11-14,"4,395.77","2,230.80","16,955.12","2,151.49"
2018-11-15,"4,440.81","2,261.20","17,037.64","2,191.34"
2018-11-16,"4,442.52","2,285.29","17,199.71","2,193.76"
2018-11-19,"4,451.59","2,309.81","17,232.06","2,212.81"
2018-11-20,"4,401.80","2,278.84","17,253.36","2,189.07"
2018-11-21,"4,378.83","2,297.63","17,281.15","2,189.52"
2018-11-22,"4,373.52","2,286.37","17,148.08","2,184.29"
2018-11-23,"4,349.39","2,257.58","17,055.68","2,164.29"
2018-11-26,"4,406.41","2,300.49","17,124.16","2,203.18"
2018-11-27,"4,447.98","2,314.30","17,276.24","2,210.69"
2018-11-28,"4,469.01","2,325.01","17,302.59","2,239.79"
2018-11-29,"4,480.48","2,310.68","17,349.37","2,231.13"
2018-11-30,"4,432.84","2,306.20","17,330.08","2,217.37"
2018-12-03,"4,514.35","2,347.90","17,497.95","2,246.13"
2018-12-04,"4,466.58","2,337.46","17,422.82","2,231.50"
2018-12-05,"4,436.67","2,306.24","17,428.82","2,219.35"
2018-12-06,"4,365.93","2,247.75","17,312.90","2,171.90"
2018-12-07,"4,386.00","2,254.00","17,271.20","2,180.49"
2018-12-10,"4,338.59","2,205.30","17,146.32","2,151.85"
2018-12-11,"4,325.39","2,200.52","17,120.92","2,145.80"
2018-12-12,"4,390.31","2,252.34","17,385.95","2,187.82"
2018-12-13,"4,402.42","2,271.34","17,545.14","2,209.48"
2018-12-14,"4,334.00","2,239.71","17,614.99","2,167.29"
2018-12-17,"4,346.43","2,230.29","17,657.00","2,166.03"
2018-12-18,"4,329.37","2,209.62","17,673.18","2,147.45"
2018-12-19,"4,368.76","2,242.43","17,805.73","2,163.98"
2018-12-20,"4,326.07","2,224.37","17,800.39","2,135.29"
2018-12-21,"4,331.60","2,229.71","17,812.21","2,154.56"
2018-12-24,"4,320.44","2,227.24","17,758.09","2,140.55"
2018-12-26,"4,272.99","2,202.60","17,453.82","2,109.97"
2018-12-27,"4,259.32","2,217.15","17,180.45","2,134.54"
2018-12-28,"4,280.98","2,234.96","17,211.49","2,139.16"
2019-01-02,"4,215.62","2,203.38","16,836.19","2,103.19"
2019-01-03,"4,174.53","2,158.03","16,812.90","2,061.88"
2019-01-04,"4,208.62","2,181.94","16,926.17","2,081.52"
2019-01-07,"4,268.49","2,213.29","17,037.80","2,106.63"
2019-01-08,"4,235.26","2,216.49","16,971.25","2,099.48"
2019-01-09,"4,332.49","2,254.96","17,285.57","2,148.64"
2019-01-10,"4,333.88","2,250.56","17,183.70","2,144.94"
2019-01-11,"4,358.88","2,259.79","17,204.56","2,152.28"
2019-01-14,"4,318.81","2,252.85","17,121.55","2,136.49"
2019-01-15,"4,403.88","2,276.39","17,467.81","2,164.37"
2019-01-16,"4,426.46","2,281.58","17,608.96","2,171.48"
2019-01-17,"4,437.96","2,261.20","17,715.10","2,154.21"
2019-01-18,"4,470.97","2,289.18","17,836.76","2,184.24"
2019-01-21,"4,471.54","2,284.38","17,769.24","2,205.06"
2019-01-22,"4,451.07","2,277.90","17,752.61","2,193.58"
2019-01-23,"4,464.89","2,295.38","17,919.75","2,205.60"
2019-01-24,"4,517.33","2,316.47","18,019.26","2,215.58"
2019-01-25,"4,600.57","2,341.01","18,015.86","2,257.92"
2019-01-28,"4,598.43","2,344.34","17,962.48","2,262.36"
2019-01-29,"4,625.22","2,338.62","17,939.52","2,269.75"
2019-01-30,"4,683.80","2,360.90","18,162.64","2,292.96"
2019-01-31,"4,671.23","2,374.08","18,287.00","2,275.75"
2019-02-01,"4,667.53","2,379.17","18,210.25","2,269.55"
2019-02-07,"4,665.48","2,394.87","18,244.70","2,289.92"
2019-02-08,"4,594.14","2,385.77","18,078.77","2,262.93"
2019-02-11,"4,606.52","2,397.46","18,027.58","2,269.12"
2019-02-12,"4,633.44","2,395.51","18,042.10","2,271.27"
